Attack ID,Attack Type,Attack Start,First Warning,Lead Time (s),Correct Warning
ATT-0,DDoS,2026-01-01 00:00:00,2025-12-31 23:59:45,15,True
ATT-1,PortScan,2026-01-01 00:01:00,2026-01-01 00:00:52,8,True
ATT-2,DDoS,2026-01-01 00:02:00,2026-01-01 00:01:55,5,True
ATT-3,PortScan,2026-01-01 00:03:00,2026-01-01 00:02:41,19,True
ATT-4,DDoS,2026-01-01 00:04:00,2026-01-01 00:03:45,15,True
ATT-5,PortScan,2026-01-01 00:05:00,2026-01-01 00:04:59,1,True
ATT-6,DDoS,2026-01-01 00:06:00,2026-01-01 00:05:53,7,True
ATT-7,PortScan,2026-01-01 00:07:00,2026-01-01 00:06:46,14,True
ATT-8,DDoS,2026-01-01 00:08:00,2026-01-01 00:07:44,16,True
ATT-9,PortScan,2026-01-01 00:09:00,2026-01-01 00:08:57,3,True
ATT-10,DDoS,2026-01-01 00:10:00,2026-01-01 00:09:54,6,True
ATT-11,PortScan,2026-01-01 00:11:00,2026-01-01 00:10:56,4,True
ATT-12,DDoS,2026-01-01 00:12:00,2026-01-01 00:11:53,7,True
ATT-13,PortScan,2026-01-01 00:13:00,2026-01-01 00:12:59,1,True
ATT-14,DDoS,2026-01-01 00:14:00,2026-01-01 00:13:50,10,True
ATT-15,PortScan,2026-01-01 00:15:00,2026-01-01 00:14:48,12,True
ATT-16,DDoS,2026-01-01 00:16:00,2026-01-01 00:15:55,5,True
ATT-17,PortScan,2026-01-01 00:17:00,2026-01-01 00:16:56,4,True
ATT-18,DDoS,2026-01-01 00:18:00,2026-01-01 00:17:48,12,True
ATT-19,PortScan,2026-01-01 00:19:00,2026-01-01 00:18:49,11,True
ATT-20,DDoS,2026-01-01 00:20:00,2026-01-01 00:19:56,4,True
ATT-21,PortScan,2026-01-01 00:21:00,2026-01-01 00:20:58,2,True
ATT-22,DDoS,2026-01-01 00:22:00,2026-01-01 00:21:42,18,True
ATT-23,PortScan,2026-01-01 00:23:00,2026-01-01 00:22:57,3,True
ATT-24,DDoS,2026-01-01 00:24:00,2026-01-01 00:23:45,15,True
ATT-25,PortScan,2026-01-01 00:25:00,2026-01-01 00:24:42,18,True
ATT-26,DDoS,2026-01-01 00:26:00,2026-01-01 00:26:00,0,False
ATT-27,PortScan,2026-01-01 00:27:00,2026-01-01 00:26:50,10,True
ATT-28,DDoS,2026-01-01 00:28:00,2026-01-01 00:27:46,14,True
ATT-29,PortScan,2026-01-01 00:29:00,2026-01-01 00:28:56,4,True
ATT-30,DDoS,2026-01-01 00:30:00,2026-01-01 00:29:55,5,True
ATT-31,PortScan,2026-01-01 00:31:00,2026-01-01 00:30:41,19,True
ATT-32,DDoS,2026-01-01 00:32:00,2026-01-01 00:31:51,9,True
ATT-33,PortScan,2026-01-01 00:33:00,2026-01-01 00:32:49,11,True
ATT-34,DDoS,2026-01-01 00:34:00,2026-01-01 00:33:50,10,True
ATT-35,PortScan,2026-01-01 00:35:00,2026-01-01 00:34:47,13,True
ATT-36,DDoS,2026-01-01 00:36:00,2026-01-01 00:36:00,0,False
ATT-37,PortScan,2026-01-01 00:37:00,2026-01-01 00:36:50,10,True
ATT-38,DDoS,2026-01-01 00:38:00,2026-01-01 00:37:53,7,True
ATT-39,PortScan,2026-01-01 00:39:00,2026-01-01 00:38:50,10,True
ATT-40,DDoS,2026-01-01 00:40:00,2026-01-01 00:39:55,5,True
ATT-41,PortScan,2026-01-01 00:41:00,2026-01-01 00:40:47,13,True
ATT-42,DDoS,2026-01-01 00:42:00,2026-01-01 00:41:44,16,True
ATT-43,PortScan,2026-01-01 00:43:00,2026-01-01 00:42:41,19,True
ATT-44,DDoS,2026-01-01 00:44:00,2026-01-01 00:43:50,10,True
ATT-45,PortScan,2026-01-01 00:45:00,2026-01-01 00:44:53,7,True
ATT-46,DDoS,2026-01-01 00:46:00,2026-01-01 00:45:47,13,True
ATT-47,PortScan,2026-01-01 00:47:00,2026-01-01 00:46:57,3,True
ATT-48,DDoS,2026-01-01 00:48:00,2026-01-01 00:47:43,17,True
ATT-49,PortScan,2026-01-01 00:49:00,2026-01-01 00:48:41,19,True
