Sample,TimeStep,Feature_Index,Contribution
0,T-10,14,0.057593524
0,T-10,0,-0.066122875
0,T-9,1,-0.0847415
0,T-9,9,-0.086967245
0,T-8,4,0.07783306
0,T-8,0,-0.08732008
0,T-7,7,-0.121151865
0,T-7,22,0.13481878
0,T-6,13,0.18769446
0,T-6,0,-0.38810784
0,T-5,3,-0.4412036
0,T-5,1,0.55623716
0,T-4,3,-0.45228004
0,T-4,0,0.9182595
0,T-3,22,-0.4087988
0,T-3,27,0.5500181
0,T-2,0,-0.7174621
0,T-2,25,-0.7356574
0,T-1,3,0.58159435
0,T-1,13,-0.6013782
1,T-10,18,0.41714436
1,T-10,8,-0.4705972
1,T-9,20,-0.4542603
1,T-9,1,0.48551804
1,T-8,1,0.4696837
1,T-8,13,-0.5179477
1,T-7,19,-0.6031839
1,T-7,16,0.6695202
1,T-6,8,-1.3381097
1,T-6,1,2.8000383
1,T-5,1,1.4816508
1,T-5,0,2.2162118
1,T-4,26,-1.1816453
1,T-4,0,3.404564
1,T-3,26,-0.8772681
1,T-3,0,1.6944745
1,T-2,0,-0.8776212
1,T-2,1,-1.4983476
1,T-1,10,-0.4489777
1,T-1,25,0.48731983
2,T-10,18,0.16481367
2,T-10,4,-0.2214207
2,T-9,9,-0.20777842
2,T-9,11,-0.22975314
2,T-8,11,-0.32513544
2,T-8,1,-0.6219707
2,T-7,25,0.4210297
2,T-7,0,-0.62902194
2,T-6,24,0.5287088
2,T-6,0,-0.96189606
2,T-5,1,0.9118271
2,T-5,4,-1.0032109
2,T-4,0,0.8552962
2,T-4,1,1.3007829
2,T-3,19,-1.2510899
2,T-3,0,1.5624633
2,T-2,12,-0.6082959
2,T-2,0,0.9056769
2,T-1,12,-0.7419957
2,T-1,8,0.8449373
3,T-10,12,-0.99972034
3,T-10,1,1.1375614
3,T-9,25,-0.84827846
3,T-9,0,3.4163938
3,T-8,15,0.96904504
3,T-8,1,-2.9258227
3,T-7,1,-1.5478635
3,T-7,0,-3.9998503
3,T-6,8,-0.9312093
3,T-6,0,-3.6449904
3,T-5,0,2.325555
3,T-5,1,3.6384144
3,T-4,13,0.9882736
3,T-4,0,4.001601
3,T-3,15,0.84265274
3,T-3,12,0.9546126
3,T-2,1,-0.629225
3,T-2,24,0.75276
3,T-1,2,0.7624816
3,T-1,0,-1.0044485
4,T-10,20,0.17911269
4,T-10,13,0.19458905
4,T-9,10,-0.2963217
4,T-9,0,0.4929998
4,T-8,0,0.2303076
4,T-8,6,0.3979814
4,T-7,27,-0.42572236
4,T-7,8,0.52706
4,T-6,11,0.74015284
4,T-6,1,0.857043
4,T-5,11,1.1181465
4,T-5,0,2.1052036
4,T-4,24,-1.6358222
4,T-4,0,3.3385923
4,T-3,5,0.7374104
4,T-3,21,1.0670393
4,T-2,2,0.58195144
4,T-2,6,0.658096
4,T-1,28,0.83058167
4,T-1,26,-1.0129509
