Feature,CIC-IDS2017,CSE-CIC-IDS2018,CTU-13
timestamp,YES,YES,PARTIAL
source_ip,PARTIAL,PARTIAL,PARTIAL
destination_ip,PARTIAL,PARTIAL,PARTIAL
source_port,PARTIAL,PARTIAL,PARTIAL
destination_port,YES,YES,PARTIAL
protocol,YES,YES,YES
flow_duration,YES,YES,YES
total_bytes,YES,YES,YES
total_packets,YES,YES,YES
bytes_per_second,YES,YES,NO
packets_per_second,YES,YES,NO
syn_flag,YES,YES,NO
ack_flag,YES,YES,NO
fin_flag,YES,YES,NO
rst_flag,YES,YES,NO
psh_flag,YES,YES,NO
urg_flag,YES,YES,NO
iat_mean,YES,YES,NO
