epoch,train_loss,val_pr_auc,val_f1
1,0.4948729753114615,0.447141759106642,0.055201698513800426
2,0.4245247706106514,0.5648385873096777,0.48128342245989303
3,0.38245105629513976,0.6457783401327108,0.47690014903129657
4,0.34239241898439493,0.7311995578499246,0.6308900523560209
5,0.268196049911581,0.8769780020972574,0.7662178702570379
6,0.19282796381005815,0.8981117249336111,0.7912621359223301
7,0.15585052993172294,0.9087203789666586,0.8052568697729988
8,0.13301835527085953,0.9088257552907505,0.819672131147541
9,0.11411630789375608,0.9033061794587759,0.8139013452914798
10,0.09515585967452284,0.9019109724893086,0.8180790960451978
