feature,MAE,RMSE
Feature_0,0.8131375,1.0261669
Feature_1,0.7975578,1.0035486
Feature_2,0.80738914,1.0099517
Feature_3,0.8061012,1.012132
Feature_4,0.8468248,1.0492388
Feature_5,0.8332555,1.0331119
Feature_6,0.8183092,1.0221703
Feature_7,0.80593103,1.0062317
Feature_8,0.78629977,0.98724383
Feature_9,0.8177468,1.0245082
Feature_10,0.79378784,0.98317236
Feature_11,0.7918291,0.9921458
Feature_12,0.79300356,0.9924193
Feature_13,0.78984654,0.9886627
Feature_14,0.8062465,1.0107778
Feature_15,0.79263514,0.9901466
Feature_16,0.83220667,1.0411947
Feature_17,0.82149583,1.0362502
Feature_18,0.80927557,1.0159583
Feature_19,0.8340291,1.0338079
Feature_20,0.80280256,1.0178185
Feature_21,0.7612158,0.9602318
Feature_22,0.8135456,1.008724
Feature_23,0.8253203,1.0311735
Feature_24,0.8278451,1.0415256
Feature_25,0.8078031,1.0023996
Feature_26,0.8013576,1.0099216
Feature_27,0.81750387,1.0069833
Feature_28,0.81650585,1.0185817
Feature_29,0.8115753,1.0236809
