feature,importance
src_port,1.0200297
packet_iat_std,0.9846879
psh_ratio,0.92915404
payload_mean,0.8335656
rst_ratio,0.735285
ttl_variance,0.7264401
payload_std,0.6807195
tcp_retransmission_ratio,0.68014824
payload_max,0.65883625
payload_median,0.579776
packet_iat_mean,0.56292075
unique_source_ports,0.5581697
ttl_mean,0.5444079
bidirectional_flow_ratio,0.48259148
tcp_window_max,0.45337528
psh_count,0.44084898
bwd_byte_count,0.4400162
payload_nonzero_ratio,0.42357883
packet_iat_variance,0.37756896
tcp_packet_count,0.36921495
nonsequential_port_ratio,0.36541265
tcp_window_mean,0.34317783
icmp_packet_count,0.32579693
syn_count,0.3157734
fragment_count,0.30804396
tcp_retransmission_count,0.30145144
payload_min,0.25403672
flow_duration,0.25162077
fragment_ratio,0.2405589
rst_count,0.23317936
fin_ratio,0.23264162
packet_count,0.23187108
packet_iat_max,0.22326858
destination_port_entropy,0.21491516
ack_ratio,0.2092872
tcp_window_min,0.19833477
unique_destination_ports,0.19207367
dst_port,0.16106547
fwd_byte_count,0.15994808
ack_count,0.15013352
syn_ratio,0.1361147
ttl_max,0.13320458
tcp_window_std,0.1324879
fin_count,0.13137446
bwd_packet_count,0.12530056
port_scan_rate,0.12121479
protocol,0.10478053
packet_iat_min,0.101848856
fwd_packet_count,0.10044334
urg_ratio,0.07543997
sequential_port_ratio,0.065440714
ttl_min,0.055378176
flow_byte_count,0.051802713
udp_packet_count,0.042432774
urg_count,0.03780339
