dataset,feature,dtype,missing_count,missing_percentage,unique_count,min,max,mean,std,median,constant_flag,potential_role
archive,Dst Port,int64,0,0.0,6,0.0,9984.0,24.11,172.5875793539463,21.0,False,destination_port
archive,Protocol,int64,0,0.0,3,0.0,17.0,5.9762,0.4658919032635711,6.0,False,protocol
archive,Timestamp,object,0,0.0,378,,,,,,False,timestamp
archive,Flow Duration,int64,0,0.0,135,1.0,112642177.0,544536.9302,7742598.693940937,2.0,False,duration
archive,Tot Fwd Pkts,int64,0,0.0,11,1.0,91.0,1.046,1.0802780660876194,1.0,False,packets
archive,Tot Bwd Pkts,int64,0,0.0,12,0.0,83.0,1.0228,0.9571686252577012,1.0,False,packets
archive,TotLen Fwd Pkts,int64,0,0.0,21,0.0,7680.0,3.1459,97.81424423787969,0.0,False,packets
archive,TotLen Bwd Pkts,int64,0,0.0,21,0.0,2302.0,3.7008,68.94156781896778,0.0,False,packets
archive,Fwd Pkt Len Max,int64,0,0.0,19,0.0,1168.0,1.4312,24.838630443650302,0.0,False,packets
archive,Fwd Pkt Len Min,int64,0,0.0,3,0.0,300.0,0.1264,6.033014401298626,0.0,False,packets
archive,Fwd Pkt Len Mean,float64,0,0.0,23,0.0,697.6,0.41173643735329996,9.857305352010208,0.0,False,packets
archive,Fwd Pkt Len Std,float64,0,0.0,22,0.0,452.9158862305,0.49433934169194,8.515635851097743,0.0,False,packets
archive,Bwd Pkt Len Max,int64,0,0.0,15,0.0,976.0,2.5759,39.76178742415784,0.0,False,packets
archive,Bwd Pkt Len Min,int64,0,0.0,2,0.0,329.0,0.1316,6.579012827239213,0.0,False,packets
archive,Bwd Pkt Len Mean,float64,0,0.0,22,0.0,329.0,0.8274645056965899,12.487516002611283,0.0,False,packets
archive,Bwd Pkt Len Std,float64,0,0.0,21,0.0,481.5546870986,1.23328594536615,18.888332319232816,0.0,False,packets
archive,Flow Byts/s,float64,0,0.0,50,0.0,1082616.17900172,395.16998036379124,19466.71220245821,0.0,False,unknown
archive,Flow Pkts/s,float64,0,0.0,135,0.026633008,2000000.0,1167225.1094103083,640880.899439505,1000000.0,False,packets
archive,Flow IAT Mean,float64,0,0.0,135,1.0,56321088.5,265227.7246010685,3852231.216655413,2.0,False,IAT
archive,Flow IAT Std,float64,0,0.0,88,0.0,4044523.28247028,1361.4884537934659,50055.55019297169,0.0,False,IAT
archive,Flow IAT Max,int64,0,0.0,132,1.0,56321637.0,273652.4077,3892717.759669086,2.0,False,IAT
archive,Flow IAT Min,int64,0,0.0,90,1.0,56320761.0,264710.3221,3852244.8188989363,2.0,False,IAT
archive,Fwd IAT Tot,int64,0,0.0,92,0.0,112642177.0,544021.9855,7742364.39639638,0.0,False,IAT
archive,Fwd IAT Mean,float64,0,0.0,92,0.0,56321088.5,265521.85042156285,3852227.908118326,0.0,False,IAT
archive,Fwd IAT Std,float64,0,0.0,88,0.0,5601770.67220659,1477.0325025579396,63777.794821035415,0.0,False,IAT
archive,Fwd IAT Max,int64,0,0.0,89,0.0,56321637.0,273221.2253,3892539.4844505405,0.0,False,IAT
archive,Fwd IAT Min,int64,0,0.0,76,0.0,56320761.0,264780.9127,3852242.3610759014,0.0,False,IAT
archive,Bwd IAT Tot,int64,0,0.0,46,0.0,72549912.0,13923.2023,773698.1010456777,0.0,False,IAT
archive,Bwd IAT Mean,float64,0,0.0,46,0.0,1690945.66666667,1021.4160614848402,24565.910683245416,0.0,False,IAT
archive,Bwd IAT Std,float64,0,0.0,46,0.0,5858282.73796248,1982.681335186937,73368.04945673517,0.0,False,IAT
archive,Bwd IAT Max,int64,0,0.0,46,0.0,53132007.0,9071.0035,564309.1662629074,0.0,False,IAT
archive,Bwd IAT Min,int64,0,0.0,42,0.0,28398.0,3.9519,285.07111172523963,0.0,False,IAT
archive,Fwd PSH Flags,int64,0,0.0,2,0.0,1.0,0.0003,0.017318775765030273,0.0,False,tcp_flag
archive,Bwd PSH Flags,int64,0,0.0,1,0.0,0.0,0.0,0.0,0.0,True,tcp_flag
archive,Fwd URG Flags,int64,0,0.0,1,0.0,0.0,0.0,0.0,0.0,True,tcp_flag
archive,Bwd URG Flags,int64,0,0.0,1,0.0,0.0,0.0,0.0,0.0,True,tcp_flag
archive,Fwd Header Len,int64,0,0.0,14,0.0,1820.0,40.786,23.555672161267164,40.0,False,unknown
archive,Bwd Header Len,int64,0,0.0,14,0.0,1660.0,20.706,21.241230731487732,20.0,False,unknown
archive,Fwd Pkts/s,float64,0,0.0,135,0.026633008,1000000.0,583612.5617535074,320440.4368816256,500000.0,False,packets
archive,Bwd Pkts/s,float64,0,0.0,90,0.0,1000000.0,583612.5476568007,320440.46255792305,500000.0,False,packets
archive,Pkt Len Min,int64,0,0.0,2,0.0,300.0,0.12,5.999099842467367,0.0,False,packets
archive,Pkt Len Max,int64,0,0.0,16,0.0,1168.0,2.6767,41.22743440046597,0.0,False,packets
archive,Pkt Len Mean,float64,0,0.0,23,0.0,445.0909090909,0.5327599437396799,9.469011226794048,0.0,False,packets
archive,Pkt Len Std,float64,0,0.0,23,0.0,440.0330566095,0.82754329917956,12.910337107179526,0.0,False,packets
archive,Pkt Len Var,float64,0,0.0,23,0.0,193629.090909091,167.34496445259788,3208.8977080777604,0.0,False,packets
archive,FIN Flag Cnt,int64,0,0.0,1,0.0,0.0,0.0,0.0,0.0,True,tcp_flag
archive,SYN Flag Cnt,int64,0,0.0,2,0.0,1.0,0.0003,0.017318775765030273,0.0,False,tcp_flag
archive,RST Flag Cnt,int64,0,0.0,1,0.0,0.0,0.0,0.0,0.0,True,tcp_flag
archive,PSH Flag Cnt,int64,0,0.0,2,0.0,1.0,0.9946,0.0732896796125742,1.0,False,tcp_flag
archive,ACK Flag Cnt,int64,0,0.0,2,0.0,1.0,0.0003,0.017318775765030273,0.0,False,tcp_flag
archive,URG Flag Cnt,int64,0,0.0,1,0.0,0.0,0.0,0.0,0.0,True,tcp_flag
archive,CWE Flag Count,int64,0,0.0,1,0.0,0.0,0.0,0.0,0.0,True,tcp_flag
archive,ECE Flag Cnt,int64,0,0.0,1,0.0,0.0,0.0,0.0,0.0,True,tcp_flag
archive,Down/Up Ratio,int64,0,0.0,2,0.0,1.0,0.9913,0.09287180690205032,1.0,False,unknown
archive,Pkt Size Avg,float64,0,0.0,23,0.0,489.6,0.63567764644264,12.160786452914868,0.0,False,packets
archive,Fwd Seg Size Avg,float64,0,0.0,23,0.0,697.6,0.41173643735329996,9.857305352010208,0.0,False,unknown
archive,Bwd Seg Size Avg,float64,0,0.0,22,0.0,329.0,0.8274645056965899,12.487516002611283,0.0,False,unknown
archive,Fwd Byts/b Avg,int64,0,0.0,1,0.0,0.0,0.0,0.0,0.0,True,unknown
archive,Fwd Pkts/b Avg,int64,0,0.0,1,0.0,0.0,0.0,0.0,0.0,True,packets
archive,Fwd Blk Rate Avg,int64,0,0.0,1,0.0,0.0,0.0,0.0,0.0,True,unknown
archive,Bwd Byts/b Avg,int64,0,0.0,1,0.0,0.0,0.0,0.0,0.0,True,unknown
archive,Bwd Pkts/b Avg,int64,0,0.0,1,0.0,0.0,0.0,0.0,0.0,True,packets
archive,Bwd Blk Rate Avg,int64,0,0.0,1,0.0,0.0,0.0,0.0,0.0,True,unknown
archive,Subflow Fwd Pkts,int64,0,0.0,11,1.0,91.0,1.046,1.0802780660876194,1.0,False,packets
archive,Subflow Fwd Byts,int64,0,0.0,21,0.0,7680.0,3.1459,97.81424423787969,0.0,False,unknown
archive,Subflow Bwd Pkts,int64,0,0.0,12,0.0,83.0,1.0228,0.9571686252577012,1.0,False,packets
archive,Subflow Bwd Byts,int64,0,0.0,21,0.0,2302.0,3.7008,68.94156781896778,0.0,False,unknown
archive,Init Fwd Win Byts,int64,0,0.0,9,-1.0,65535.0,26690.7374,2164.1440750557717,26883.0,False,window_size
archive,Init Bwd Win Byts,int64,0,0.0,11,-1.0,256.0,0.9985,14.942289816239521,0.0,False,window_size
archive,Fwd Act Data Pkts,int64,0,0.0,9,0.0,90.0,0.0223,1.0062325578095948,0.0,False,packets
archive,Fwd Seg Size Min,int64,0,0.0,5,0.0,40.0,39.7584,2.8800102232264018,40.0,False,unknown
archive,Active Mean,int64,0,0.0,3,0.0,18407914.0,2022.3832,184970.85443199772,0.0,False,unknown
archive,Active Std,int64,0,0.0,1,0.0,0.0,0.0,0.0,0.0,True,unknown
archive,Active Max,int64,0,0.0,3,0.0,18407914.0,2022.3832,184970.85443199772,0.0,False,unknown
archive,Active Min,int64,0,0.0,3,0.0,18407914.0,2022.3832,184970.85443199772,0.0,False,unknown
archive,Idle Mean,float64,0,0.0,49,0.0,56321088.5,271826.94835,3892429.0842582784,0.0,False,identifier
archive,Idle Std,float64,0,0.0,43,0.0,775.6961389616,0.52035988027519,11.409749946181028,0.0,False,identifier
archive,Idle Max,int64,0,0.0,46,0.0,56321637.0,271827.3163,3892434.3830593587,0.0,False,identifier
archive,Idle Min,int64,0,0.0,48,0.0,56320761.0,271826.5804,3892423.7854667082,0.0,False,identifier
archive,Label,object,0,0.0,2,,,,,,False,label
archive,Flow ID,object,0,0.0,9956,,,,,,False,identifier
archive,Src IP,object,0,0.0,30,,,,,,False,source_ip
archive,Src Port,int64,0,0.0,1839,0.0,59422.0,51222.7746,3606.8831852204503,51457.0,False,source_port
archive,Dst IP,object,0,0.0,4,,,,,,False,destination_ip
CIC-IDS2017,Destination Port,int64,0,0.0,1400,0.0,61463.0,7031.6181,17396.00194129118,80.0,False,unknown
CIC-IDS2017,Flow Duration,int64,0,0.0,6614,0.0,119998109.0,11972831.8637,31021637.70092897,47272.0,False,duration
CIC-IDS2017,Total Fwd Packets,int64,0,0.0,131,1.0,1611.0,7.4888,23.602194408954684,2.0,False,packets
CIC-IDS2017,Total Backward Packets,int64,0,0.0,147,0.0,1935.0,7.7825,30.82766984825203,2.0,False,packets
CIC-IDS2017,Total Length of Fwd Packets,int64,0,0.0,1387,0.0,118736.0,807.0068,5295.267227294068,74.0,False,packets
CIC-IDS2017,Total Length of Bwd Packets,int64,0,0.0,1908,0.0,3433707.0,7982.806,51836.83212524124,158.0,False,packets
CIC-IDS2017,Fwd Packet Length Max,int64,0,0.0,792,0.0,11680.0,203.563,522.6647807900468,42.0,False,packets
CIC-IDS2017,Fwd Packet Length Min,int64,0,0.0,83,0.0,247.0,21.1806,22.55712450705104,6.0,False,packets
CIC-IDS2017,Fwd Packet Length Mean,float64,0,0.0,1726,0.0,2702.533333,55.4887700175278,136.17297191832927,38.0,False,packets
CIC-IDS2017,Fwd Packet Length Std,float64,0,0.0,1876,0.0,2886.626525,58.39376793033429,168.7326760963347,0.0,False,packets
CIC-IDS2017,Bwd Packet Length Max,int64,0,0.0,716,0.0,4748.0,557.5338,1058.8462717506634,100.0,False,packets
CIC-IDS2017,Bwd Packet Length Min,int64,0,0.0,259,0.0,416.0,52.9332,66.02611969976928,6.0,False,packets
CIC-IDS2017,Bwd Packet Length Mean,float64,0,0.0,2134,0.0,2172.5,227.81112611496448,409.1023002729131,94.0,False,packets
CIC-IDS2017,Bwd Packet Length Std,float64,0,0.0,2102,0.0,1891.09307,161.80301811895623,321.8379200680079,0.0,False,packets
CIC-IDS2017,Flow Bytes/s,float64,1,0.01,8042,0.0,inf,inf,,5757.573393,False,bytes
CIC-IDS2017,Flow Packets/s,float64,0,0.0,6828,0.031205354,inf,inf,,98.27607393,False,packets
CIC-IDS2017,Flow IAT Mean,float64,0,0.0,6827,0.0,64100000.0,738114.1692261138,3306989.328246106,12741.775,False,IAT
CIC-IDS2017,Flow IAT Std,float64,0,0.0,5783,0.0,69100000.0,1396979.0414112494,5096881.770034174,148.12719425,False,IAT
CIC-IDS2017,Flow IAT Max,int64,0,0.0,5256,0.0,120000000.0,4122214.0822,13101180.600009307,25166.5,False,IAT
CIC-IDS2017,Flow IAT Min,int64,0,0.0,2098,-1.0,64100000.0,76787.5362,1925513.4304714322,4.0,False,IAT
CIC-IDS2017,Fwd IAT Total,int64,0,0.0,3225,0.0,120000000.0,11639031.2494,30831294.03140752,48.0,False,IAT
CIC-IDS2017,Fwd IAT Mean,float64,0,0.0,4272,0.0,120000000.0,1543384.891130073,7873753.823516892,47.0,False,IAT
CIC-IDS2017,Fwd IAT Std,float64,0,0.0,3608,0.0,69300000.0,1214646.381164194,3947427.6146492865,0.0,False,IAT
CIC-IDS2017,Fwd IAT Max,int64,0,0.0,3069,0.0,120000000.0,4007967.5864,13107204.104633072,48.0,False,IAT
CIC-IDS2017,Fwd IAT Min,int64,0,0.0,1576,0.0,120000000.0,790481.3441,7605525.025951935,3.0,False,IAT
CIC-IDS2017,Bwd IAT Total,int64,0,0.0,1892,0.0,120000000.0,11142255.2366,30380140.08450696,3.0,False,IAT
CIC-IDS2017,Bwd IAT Mean,float64,0,0.0,2887,0.0,120000000.0,1593378.19002214,8287300.394065776,3.0,False,IAT
CIC-IDS2017,Bwd IAT Std,float64,0,0.0,2629,0.0,69300000.0,958562.4701058087,3701027.735897336,0.0,False,IAT
CIC-IDS2017,Bwd IAT Max,int64,0,0.0,1717,0.0,120000000.0,3573129.5417,12722479.406577853,3.0,False,IAT
CIC-IDS2017,Bwd IAT Min,int64,0,0.0,765,0.0,120000000.0,931854.1609,8009963.385921792,2.0,False,IAT
CIC-IDS2017,Fwd PSH Flags,int64,0,0.0,2,0.0,1.0,0.0561,0.2301262388528975,0.0,False,tcp_flag
CIC-IDS2017,Bwd PSH Flags,int64,0,0.0,1,0.0,0.0,0.0,0.0,0.0,True,tcp_flag
CIC-IDS2017,Fwd URG Flags,int64,0,0.0,1,0.0,0.0,0.0,0.0,0.0,True,tcp_flag
CIC-IDS2017,Bwd URG Flags,int64,0,0.0,1,0.0,0.0,0.0,0.0,0.0,True,tcp_flag
CIC-IDS2017,Fwd Header Length,int64,0,0.0,340,0.0,39396.0,186.75,577.9433752146446,64.0,False,unknown
CIC-IDS2017,Bwd Header Length,int64,0,0.0,346,0.0,38712.0,207.8552,739.3023277564752,40.0,False,unknown
CIC-IDS2017,Fwd Packets/s,float64,0,0.0,6788,0.0,3000000.0,42276.299687369225,199017.62399147105,62.49275026,False,packets
CIC-IDS2017,Bwd Packets/s,float64,0,0.0,6300,0.0,1000000.0,4011.8476242008,18362.777121500993,22.86468975,False,packets
CIC-IDS2017,Min Packet Length,int64,0,0.0,80,0.0,235.0,21.03,22.286412192563468,6.0,False,packets
CIC-IDS2017,Max Packet Length,int64,0,0.0,824,0.0,11680.0,603.8971,1120.3676861132683,102.0,False,packets
CIC-IDS2017,Packet Length Mean,float64,0,0.0,3047,0.0,1571.333333,140.09394084092813,235.9688275697028,62.710084030000004,False,packets
CIC-IDS2017,Packet Length Std,float64,0,0.0,2950,0.0,2152.749929,176.21966740120823,310.39863886880516,32.31563089,False,packets
CIC-IDS2017,Packet Length Variance,float64,0,0.0,2950,0.0,4634332.256,127391.05145848723,323200.7820311891,1044.3,False,packets
CIC-IDS2017,FIN Flag Count,int64,0,0.0,2,0.0,1.0,0.0093,0.09599183008540008,0.0,False,tcp_flag
CIC-IDS2017,SYN Flag Count,int64,0,0.0,2,0.0,1.0,0.0561,0.2301262388528975,0.0,False,tcp_flag
CIC-IDS2017,RST Flag Count,int64,0,0.0,2,0.0,1.0,0.0001,0.010000000000000002,0.0,False,tcp_flag
CIC-IDS2017,PSH Flag Count,int64,0,0.0,2,0.0,1.0,0.2532,0.4348662677963039,0.0,False,tcp_flag
CIC-IDS2017,ACK Flag Count,int64,0,0.0,2,0.0,1.0,0.2748,0.4464357630040955,0.0,False,tcp_flag
CIC-IDS2017,URG Flag Count,int64,0,0.0,2,0.0,1.0,0.0933,0.29086692895039773,0.0,False,tcp_flag
CIC-IDS2017,CWE Flag Count,int64,0,0.0,1,0.0,0.0,0.0,0.0,0.0,True,tcp_flag
CIC-IDS2017,ECE Flag Count,int64,0,0.0,2,0.0,1.0,0.0001,0.010000000000000002,0.0,False,tcp_flag
CIC-IDS2017,Down/Up Ratio,int64,0,0.0,5,0.0,5.0,0.6681,0.49494129620457905,1.0,False,unknown
CIC-IDS2017,Average Packet Size,float64,0,0.0,2890,0.0,2357.0,154.5624651715503,240.12386540560965,80.0,False,packets
CIC-IDS2017,Avg Fwd Segment Size,float64,0,0.0,1726,0.0,2702.533333,55.4887700175278,136.17297191832927,38.0,False,unknown
CIC-IDS2017,Avg Bwd Segment Size,float64,0,0.0,2134,0.0,2172.5,227.8111261150645,409.10230027322746,94.0,False,unknown
CIC-IDS2017,Fwd Header Length.1,int64,0,0.0,340,0.0,39396.0,186.75,577.9433752146446,64.0,False,unknown
CIC-IDS2017,Fwd Avg Bytes/Bulk,int64,0,0.0,1,0.0,0.0,0.0,0.0,0.0,True,bytes
CIC-IDS2017,Fwd Avg Packets/Bulk,int64,0,0.0,1,0.0,0.0,0.0,0.0,0.0,True,packets
CIC-IDS2017,Fwd Avg Bulk Rate,int64,0,0.0,1,0.0,0.0,0.0,0.0,0.0,True,unknown
CIC-IDS2017,Bwd Avg Bytes/Bulk,int64,0,0.0,1,0.0,0.0,0.0,0.0,0.0,True,bytes
CIC-IDS2017,Bwd Avg Packets/Bulk,int64,0,0.0,1,0.0,0.0,0.0,0.0,0.0,True,packets
CIC-IDS2017,Bwd Avg Bulk Rate,int64,0,0.0,1,0.0,0.0,0.0,0.0,0.0,True,unknown
CIC-IDS2017,Subflow Fwd Packets,int64,0,0.0,131,1.0,1611.0,7.4888,23.602194408954684,2.0,False,packets
CIC-IDS2017,Subflow Fwd Bytes,int64,0,0.0,1387,0.0,118736.0,807.0068,5295.267227294068,74.0,False,bytes
CIC-IDS2017,Subflow Bwd Packets,int64,0,0.0,147,0.0,1935.0,7.7825,30.82766984825203,2.0,False,packets
CIC-IDS2017,Subflow Bwd Bytes,int64,0,0.0,1908,0.0,3433707.0,7982.806,51836.83212524124,158.0,False,bytes
CIC-IDS2017,Init_Win_bytes_forward,int64,0,0.0,571,-1.0,65535.0,5850.2256,11959.78036844953,67.5,False,bytes
CIC-IDS2017,Init_Win_bytes_backward,int64,0,0.0,647,-1.0,65535.0,1568.769,7624.444328013032,-1.0,False,bytes
CIC-IDS2017,act_data_pkt_fwd,int64,0,0.0,111,0.0,1013.0,4.7523,17.06049386023381,1.0,False,packets
CIC-IDS2017,min_seg_size_forward,int64,0,0.0,6,0.0,44.0,24.9312,6.241599339610933,20.0,False,unknown
CIC-IDS2017,Active Mean,float64,0,0.0,1745,0.0,100000000.0,98467.28435912011,1236556.9388953128,0.0,False,unknown
CIC-IDS2017,Active Std,float64,0,0.0,1128,0.0,10700000.0,62248.39405846262,377711.6681014376,0.0,False,unknown
CIC-IDS2017,Active Max,int64,0,0.0,1740,0.0,100000000.0,214659.4998,1537108.238405813,0.0,False,unknown
CIC-IDS2017,Active Min,int64,0,0.0,1654,0.0,100000000.0,64857.4169,1211630.7136827447,0.0,False,unknown
CIC-IDS2017,Idle Mean,float64,0,0.0,1007,0.0,120000000.0,3557694.5318107004,12463621.160390908,0.0,False,identifier
CIC-IDS2017,Idle Std,float64,0,0.0,1121,0.0,51000000.0,172373.7337675032,2001758.5336694336,0.0,False,identifier
CIC-IDS2017,Idle Max,int64,0,0.0,562,0.0,120000000.0,3689130.3898,12843994.96713564,0.0,False,identifier
CIC-IDS2017,Idle Min,int64,0,0.0,1307,0.0,120000000.0,3382298.5887,12263197.800026404,0.0,False,identifier
CIC-IDS2017,Label,object,0,0.0,1,,,,,,True,label
CTU-13,dur,float32,0,0.0,8913,0.0,3599.999755859375,769.165771484375,1224.75732421875,2.4233479499816895,False,unknown
CTU-13,proto,category,0,0.0,6,,,,,,False,protocol
CTU-13,dir,category,0,0.0,7,,,,,,False,unknown
CTU-13,state,category,0,0.0,81,,,,,,False,unknown
CTU-13,stos,float32,39,0.38999999999999996,3,0.0,3.0,0.0028109627310186625,0.08730761706829071,0.0,False,unknown
CTU-13,dtos,float32,590,5.8999999999999995,3,0.0,3.0,0.0011689692037180066,0.05738772824406624,0.0,False,unknown
CTU-13,tot_pkts,int32,0,0.0,253,1.0,76977.0,27.6615,796.4862793275634,4.0,False,packets
CTU-13,tot_bytes,int64,0,0.0,3268,60.0,78884351.0,18067.0651,809952.7033334073,543.0,False,bytes
CTU-13,src_bytes,int64,0,0.0,2229,0.0,77204011.0,8992.3936,772080.6920430188,192.0,False,bytes
CTU-13,label,category,0,0.0,51,,,,,,False,label
CTU-13,Family,category,0,0.0,1,,,,,,True,unknown
