window_id,timestamp,ground_truth_attack,attack_type,ground_truth_stage
0,2018-02-14 01:56:20,BENIGN,Normal,BENIGN
1,2018-02-14 01:56:25,BENIGN,Normal,BENIGN
2,2018-02-14 01:56:30,BENIGN,Normal,BENIGN
3,2018-02-14 01:56:35,BENIGN,Normal,BENIGN
4,2018-02-14 01:56:40,BENIGN,Normal,BENIGN
5,2018-02-14 01:56:45,BENIGN,Normal,BENIGN
6,2018-02-14 01:56:50,BENIGN,Normal,BENIGN
7,2018-02-14 01:56:55,BENIGN,Normal,BENIGN
8,2018-02-14 01:57:00,BENIGN,Normal,BENIGN
9,2018-02-14 01:57:05,BENIGN,Normal,BENIGN
10,2018-02-14 01:57:10,BENIGN,Normal,BENIGN
11,2018-02-14 01:57:15,BENIGN,Normal,BENIGN
12,2018-02-14 01:57:20,BENIGN,Normal,BENIGN
13,2018-02-14 01:57:25,BENIGN,Normal,BENIGN
14,2018-02-14 01:57:30,BENIGN,Normal,BENIGN
15,2018-02-14 01:57:35,BENIGN,Normal,BENIGN
16,2018-02-14 01:57:40,BENIGN,Normal,BENIGN
17,2018-02-14 01:57:45,BENIGN,Normal,BENIGN
18,2018-02-14 01:57:50,BENIGN,Normal,BENIGN
19,2018-02-14 01:57:55,BENIGN,Normal,BENIGN
20,2018-02-14 01:58:00,BENIGN,Normal,BENIGN
21,2018-02-14 01:58:05,BENIGN,Normal,BENIGN
22,2018-02-14 01:58:10,BENIGN,Normal,BENIGN
23,2018-02-14 01:58:15,BENIGN,Normal,BENIGN
24,2018-02-14 01:58:20,BENIGN,Normal,BENIGN
25,2018-02-14 01:58:25,BENIGN,Normal,BENIGN
26,2018-02-14 01:58:30,BENIGN,Normal,BENIGN
27,2018-02-14 01:58:35,BENIGN,Normal,BENIGN
28,2018-02-14 01:58:40,BENIGN,Normal,BENIGN
29,2018-02-14 01:58:45,BENIGN,Normal,BENIGN
30,2018-02-14 01:58:50,BENIGN,Normal,BENIGN
31,2018-02-14 01:58:55,BENIGN,Normal,BENIGN
32,2018-02-14 01:59:00,BENIGN,Normal,BENIGN
33,2018-02-14 01:59:05,BENIGN,Normal,BENIGN
34,2018-02-14 01:59:10,BENIGN,Normal,BENIGN
35,2018-02-14 01:59:15,BENIGN,Normal,BENIGN
36,2018-02-14 01:59:20,BENIGN,Normal,BENIGN
37,2018-02-14 01:59:25,BENIGN,Normal,BENIGN
38,2018-02-14 01:59:30,BENIGN,Normal,BENIGN
39,2018-02-14 01:59:35,BENIGN,Normal,BENIGN
40,2018-02-14 01:59:40,BENIGN,Normal,BENIGN
41,2018-02-14 01:59:45,BENIGN,Normal,BENIGN
42,2018-02-14 01:59:50,BENIGN,Normal,BENIGN
43,2018-02-14 01:59:55,BENIGN,Normal,BENIGN
44,2018-02-14 02:00:00,BENIGN,Normal,BENIGN
45,2018-02-14 02:00:05,BENIGN,Normal,BENIGN
46,2018-02-14 02:00:10,BENIGN,Normal,BENIGN
47,2018-02-14 02:00:15,BENIGN,Normal,BENIGN
48,2018-02-14 02:00:20,BENIGN,Normal,BENIGN
49,2018-02-14 02:00:25,BENIGN,Normal,BENIGN
50,2018-02-14 02:00:30,BENIGN,Normal,BENIGN
51,2018-02-14 02:00:35,BENIGN,Normal,BENIGN
52,2018-02-14 02:00:40,BENIGN,Normal,BENIGN
53,2018-02-14 02:00:45,BENIGN,Normal,BENIGN
54,2018-02-14 02:00:50,BENIGN,Normal,BENIGN
55,2018-02-14 02:00:55,BENIGN,Normal,BENIGN
56,2018-02-14 02:01:00,BENIGN,Normal,BENIGN
57,2018-02-14 02:01:05,BENIGN,Normal,BENIGN
58,2018-02-14 02:01:10,BENIGN,Normal,BENIGN
59,2018-02-14 02:01:15,BENIGN,Normal,BENIGN
60,2018-02-14 02:01:20,ATTACK,BruteForce,INITIAL_ACCESS
61,2018-02-14 02:01:25,BENIGN,Normal,BENIGN
62,2018-02-14 02:01:30,BENIGN,Normal,BENIGN
63,2018-02-14 02:01:35,BENIGN,Normal,BENIGN
64,2018-02-14 02:01:40,BENIGN,Normal,BENIGN
65,2018-02-14 02:01:45,BENIGN,Normal,BENIGN
66,2018-02-14 02:01:50,ATTACK,BruteForce,INITIAL_ACCESS
67,2018-02-14 02:01:55,ATTACK,BruteForce,INITIAL_ACCESS
68,2018-02-14 02:02:00,ATTACK,BruteForce,INITIAL_ACCESS
69,2018-02-14 02:02:05,BENIGN,Normal,BENIGN
70,2018-02-14 02:02:10,ATTACK,BruteForce,INITIAL_ACCESS
71,2018-02-14 02:02:15,ATTACK,BruteForce,INITIAL_ACCESS
72,2018-02-14 02:02:20,ATTACK,BruteForce,INITIAL_ACCESS
73,2018-02-14 02:02:25,ATTACK,BruteForce,INITIAL_ACCESS
74,2018-02-14 02:02:30,ATTACK,BruteForce,INITIAL_ACCESS
75,2018-02-14 02:02:35,ATTACK,BruteForce,INITIAL_ACCESS
76,2018-02-14 02:02:40,ATTACK,BruteForce,INITIAL_ACCESS
77,2018-02-14 02:02:45,ATTACK,BruteForce,INITIAL_ACCESS
78,2018-02-14 02:02:50,ATTACK,BruteForce,INITIAL_ACCESS
79,2018-02-14 02:02:55,ATTACK,BruteForce,INITIAL_ACCESS
80,2018-02-14 02:03:00,ATTACK,BruteForce,INITIAL_ACCESS
81,2018-02-14 02:03:05,ATTACK,BruteForce,INITIAL_ACCESS
82,2018-02-14 02:03:10,BENIGN,Normal,BENIGN
83,2018-02-14 02:03:15,BENIGN,Normal,BENIGN
84,2018-02-14 02:03:20,BENIGN,Normal,BENIGN
85,2018-02-14 02:03:25,BENIGN,Normal,BENIGN
86,2018-02-14 02:03:30,ATTACK,BruteForce,INITIAL_ACCESS
87,2018-02-14 02:03:35,ATTACK,BruteForce,INITIAL_ACCESS
88,2018-02-14 02:03:40,BENIGN,Normal,BENIGN
89,2018-02-14 02:03:45,BENIGN,Normal,BENIGN
90,2018-02-14 02:03:50,ATTACK,BruteForce,INITIAL_ACCESS
91,2018-02-14 02:03:55,ATTACK,BruteForce,INITIAL_ACCESS
92,2018-02-14 02:04:00,ATTACK,BruteForce,INITIAL_ACCESS
93,2018-02-14 02:04:05,ATTACK,BruteForce,INITIAL_ACCESS
94,2018-02-14 02:04:10,ATTACK,BruteForce,INITIAL_ACCESS
95,2018-02-14 02:04:15,ATTACK,BruteForce,INITIAL_ACCESS
96,2018-02-14 02:04:20,ATTACK,BruteForce,INITIAL_ACCESS
97,2018-02-14 02:04:25,ATTACK,BruteForce,INITIAL_ACCESS
98,2018-02-14 02:04:30,ATTACK,BruteForce,INITIAL_ACCESS
99,2018-02-14 02:04:35,ATTACK,BruteForce,INITIAL_ACCESS
100,2018-02-14 02:04:40,ATTACK,BruteForce,INITIAL_ACCESS
101,2018-02-14 02:04:45,ATTACK,BruteForce,INITIAL_ACCESS
102,2018-02-14 02:04:50,BENIGN,Normal,BENIGN
103,2018-02-14 02:04:55,ATTACK,BruteForce,INITIAL_ACCESS
104,2018-02-14 02:05:00,ATTACK,BruteForce,INITIAL_ACCESS
105,2018-02-14 02:05:05,ATTACK,BruteForce,INITIAL_ACCESS
106,2018-02-14 02:05:10,ATTACK,BruteForce,INITIAL_ACCESS
107,2018-02-14 02:05:15,ATTACK,BruteForce,INITIAL_ACCESS
108,2018-02-14 02:05:20,ATTACK,BruteForce,INITIAL_ACCESS
109,2018-02-14 02:05:25,ATTACK,BruteForce,INITIAL_ACCESS
110,2018-02-14 02:05:30,ATTACK,BruteForce,INITIAL_ACCESS
111,2018-02-14 02:05:35,ATTACK,BruteForce,INITIAL_ACCESS
112,2018-02-14 02:05:40,ATTACK,BruteForce,INITIAL_ACCESS
113,2018-02-14 02:05:45,ATTACK,BruteForce,INITIAL_ACCESS
114,2018-02-14 02:05:50,ATTACK,BruteForce,INITIAL_ACCESS
115,2018-02-14 02:05:55,ATTACK,BruteForce,INITIAL_ACCESS
116,2018-02-14 02:06:00,ATTACK,BruteForce,INITIAL_ACCESS
117,2018-02-14 02:06:05,ATTACK,BruteForce,INITIAL_ACCESS
118,2018-02-14 02:06:10,ATTACK,BruteForce,INITIAL_ACCESS
119,2018-02-14 02:06:15,ATTACK,BruteForce,INITIAL_ACCESS
120,2018-02-14 02:06:20,ATTACK,BruteForce,INITIAL_ACCESS
