window_id,timestamp,predicted_risk,predicted_stage,ground_truth_attack,ground_truth_stage
9,2018-02-14 01:57:05,0.7547348737716675,INITIAL_ACCESS,BENIGN,BENIGN
10,2018-02-14 01:57:10,0.6255497932434082,DISCOVERY,BENIGN,BENIGN
11,2018-02-14 01:57:15,0.9681719541549683,COMMAND_AND_CONTROL,BENIGN,BENIGN
12,2018-02-14 01:57:20,0.9584735035896301,COMMAND_AND_CONTROL,BENIGN,BENIGN
13,2018-02-14 01:57:25,0.7756725549697876,INITIAL_ACCESS,BENIGN,BENIGN
14,2018-02-14 01:57:30,0.8673729300498962,INITIAL_ACCESS,BENIGN,BENIGN
15,2018-02-14 01:57:35,0.8539332151412964,INITIAL_ACCESS,BENIGN,BENIGN
16,2018-02-14 01:57:40,0.9933164119720459,COMMAND_AND_CONTROL,BENIGN,BENIGN
17,2018-02-14 01:57:45,0.9011443853378296,COMMAND_AND_CONTROL,BENIGN,BENIGN
18,2018-02-14 01:57:50,0.8954181671142578,INITIAL_ACCESS,BENIGN,BENIGN
19,2018-02-14 01:57:55,0.9507722854614258,COMMAND_AND_CONTROL,BENIGN,BENIGN
20,2018-02-14 01:58:00,0.7293699979782104,DISCOVERY,BENIGN,BENIGN
21,2018-02-14 01:58:05,0.7588406205177307,INITIAL_ACCESS,BENIGN,BENIGN
22,2018-02-14 01:58:10,0.9152700901031494,COMMAND_AND_CONTROL,BENIGN,BENIGN
23,2018-02-14 01:58:15,0.4550864100456238,RECONNAISSANCE,BENIGN,BENIGN
24,2018-02-14 01:58:20,0.9681201577186584,COMMAND_AND_CONTROL,BENIGN,BENIGN
25,2018-02-14 01:58:25,0.6600843071937561,DISCOVERY,BENIGN,BENIGN
26,2018-02-14 01:58:30,0.8516024947166443,INITIAL_ACCESS,BENIGN,BENIGN
27,2018-02-14 01:58:35,0.7763519883155823,INITIAL_ACCESS,BENIGN,BENIGN
28,2018-02-14 01:58:40,0.9471776485443115,COMMAND_AND_CONTROL,BENIGN,BENIGN
29,2018-02-14 01:58:45,0.98087078332901,COMMAND_AND_CONTROL,BENIGN,BENIGN
30,2018-02-14 01:58:50,0.8597344756126404,INITIAL_ACCESS,BENIGN,BENIGN
31,2018-02-14 01:58:55,0.8326045870780945,INITIAL_ACCESS,BENIGN,BENIGN
32,2018-02-14 01:59:00,0.9903793334960938,COMMAND_AND_CONTROL,BENIGN,BENIGN
33,2018-02-14 01:59:05,0.9891694784164429,COMMAND_AND_CONTROL,BENIGN,BENIGN
34,2018-02-14 01:59:10,0.9266999959945679,COMMAND_AND_CONTROL,BENIGN,BENIGN
35,2018-02-14 01:59:15,0.9164071679115295,COMMAND_AND_CONTROL,BENIGN,BENIGN
36,2018-02-14 01:59:20,0.8744244575500488,INITIAL_ACCESS,BENIGN,BENIGN
37,2018-02-14 01:59:25,0.7954323887825012,INITIAL_ACCESS,BENIGN,BENIGN
38,2018-02-14 01:59:30,0.852721095085144,INITIAL_ACCESS,BENIGN,BENIGN
39,2018-02-14 01:59:35,0.9892731308937073,COMMAND_AND_CONTROL,BENIGN,BENIGN
40,2018-02-14 01:59:40,0.996204674243927,COMMAND_AND_CONTROL,BENIGN,BENIGN
41,2018-02-14 01:59:45,0.992784857749939,COMMAND_AND_CONTROL,BENIGN,BENIGN
42,2018-02-14 01:59:50,0.9678412079811096,COMMAND_AND_CONTROL,BENIGN,BENIGN
43,2018-02-14 01:59:55,0.8456085920333862,INITIAL_ACCESS,BENIGN,BENIGN
44,2018-02-14 02:00:00,0.7997835278511047,INITIAL_ACCESS,BENIGN,BENIGN
45,2018-02-14 02:00:05,0.9841740131378174,COMMAND_AND_CONTROL,BENIGN,BENIGN
46,2018-02-14 02:00:10,0.9805639386177063,COMMAND_AND_CONTROL,BENIGN,BENIGN
47,2018-02-14 02:00:15,0.7428702116012573,DISCOVERY,BENIGN,BENIGN
48,2018-02-14 02:00:20,0.5761826634407043,RECONNAISSANCE,BENIGN,BENIGN
49,2018-02-14 02:00:25,0.42806971073150635,RECONNAISSANCE,BENIGN,BENIGN
50,2018-02-14 02:00:30,0.9673113226890564,COMMAND_AND_CONTROL,BENIGN,BENIGN
51,2018-02-14 02:00:35,0.989619791507721,COMMAND_AND_CONTROL,BENIGN,BENIGN
52,2018-02-14 02:00:40,0.9328135848045349,COMMAND_AND_CONTROL,BENIGN,BENIGN
53,2018-02-14 02:00:45,0.9842256307601929,COMMAND_AND_CONTROL,BENIGN,BENIGN
54,2018-02-14 02:00:50,0.9782706499099731,COMMAND_AND_CONTROL,BENIGN,BENIGN
55,2018-02-14 02:00:55,0.8154910802841187,INITIAL_ACCESS,BENIGN,BENIGN
56,2018-02-14 02:01:00,0.7989248037338257,INITIAL_ACCESS,BENIGN,BENIGN
57,2018-02-14 02:01:05,0.8156501650810242,INITIAL_ACCESS,BENIGN,BENIGN
58,2018-02-14 02:01:10,0.3638496696949005,RECONNAISSANCE,BENIGN,BENIGN
59,2018-02-14 02:01:15,0.9379187226295471,COMMAND_AND_CONTROL,BENIGN,BENIGN
60,2018-02-14 02:01:20,0.9764408469200134,COMMAND_AND_CONTROL,ATTACK,INITIAL_ACCESS
61,2018-02-14 02:01:25,0.9161063432693481,COMMAND_AND_CONTROL,BENIGN,BENIGN
62,2018-02-14 02:01:30,0.9860442876815796,COMMAND_AND_CONTROL,BENIGN,BENIGN
63,2018-02-14 02:01:35,0.9683908224105835,COMMAND_AND_CONTROL,BENIGN,BENIGN
64,2018-02-14 02:01:40,0.8779191374778748,INITIAL_ACCESS,BENIGN,BENIGN
65,2018-02-14 02:01:45,0.7407224178314209,DISCOVERY,BENIGN,BENIGN
66,2018-02-14 02:01:50,0.5580040216445923,RECONNAISSANCE,ATTACK,INITIAL_ACCESS
67,2018-02-14 02:01:55,0.8787822723388672,INITIAL_ACCESS,ATTACK,INITIAL_ACCESS
68,2018-02-14 02:02:00,0.4957202672958374,RECONNAISSANCE,ATTACK,INITIAL_ACCESS
69,2018-02-14 02:02:05,0.8543288707733154,INITIAL_ACCESS,BENIGN,BENIGN
70,2018-02-14 02:02:10,0.8563317060470581,INITIAL_ACCESS,ATTACK,INITIAL_ACCESS
71,2018-02-14 02:02:15,0.989068329334259,COMMAND_AND_CONTROL,ATTACK,INITIAL_ACCESS
72,2018-02-14 02:02:20,0.9402429461479187,COMMAND_AND_CONTROL,ATTACK,INITIAL_ACCESS
73,2018-02-14 02:02:25,0.9494192600250244,COMMAND_AND_CONTROL,ATTACK,INITIAL_ACCESS
74,2018-02-14 02:02:30,0.9788833260536194,COMMAND_AND_CONTROL,ATTACK,INITIAL_ACCESS
75,2018-02-14 02:02:35,0.9776771664619446,COMMAND_AND_CONTROL,ATTACK,INITIAL_ACCESS
76,2018-02-14 02:02:40,0.9618882536888123,COMMAND_AND_CONTROL,ATTACK,INITIAL_ACCESS
77,2018-02-14 02:02:45,0.8990524411201477,INITIAL_ACCESS,ATTACK,INITIAL_ACCESS
78,2018-02-14 02:02:50,0.9705524444580078,COMMAND_AND_CONTROL,ATTACK,INITIAL_ACCESS
79,2018-02-14 02:02:55,0.9637948274612427,COMMAND_AND_CONTROL,ATTACK,INITIAL_ACCESS
80,2018-02-14 02:03:00,0.9701341986656189,COMMAND_AND_CONTROL,ATTACK,INITIAL_ACCESS
81,2018-02-14 02:03:05,0.9838674068450928,COMMAND_AND_CONTROL,ATTACK,INITIAL_ACCESS
82,2018-02-14 02:03:10,0.9282703399658203,COMMAND_AND_CONTROL,BENIGN,BENIGN
83,2018-02-14 02:03:15,0.8951671719551086,INITIAL_ACCESS,BENIGN,BENIGN
84,2018-02-14 02:03:20,0.8791038990020752,INITIAL_ACCESS,BENIGN,BENIGN
85,2018-02-14 02:03:25,0.7186873555183411,DISCOVERY,BENIGN,BENIGN
86,2018-02-14 02:03:30,0.3486599624156952,RECONNAISSANCE,ATTACK,INITIAL_ACCESS
87,2018-02-14 02:03:35,0.6261825561523438,DISCOVERY,ATTACK,INITIAL_ACCESS
88,2018-02-14 02:03:40,0.5943068861961365,RECONNAISSANCE,BENIGN,BENIGN
89,2018-02-14 02:03:45,0.4095774292945862,RECONNAISSANCE,BENIGN,BENIGN
90,2018-02-14 02:03:50,0.9323498606681824,COMMAND_AND_CONTROL,ATTACK,INITIAL_ACCESS
91,2018-02-14 02:03:55,0.8602759838104248,INITIAL_ACCESS,ATTACK,INITIAL_ACCESS
92,2018-02-14 02:04:00,0.7358683943748474,DISCOVERY,ATTACK,INITIAL_ACCESS
93,2018-02-14 02:04:05,0.884169340133667,INITIAL_ACCESS,ATTACK,INITIAL_ACCESS
94,2018-02-14 02:04:10,0.8828113079071045,INITIAL_ACCESS,ATTACK,INITIAL_ACCESS
95,2018-02-14 02:04:15,0.9330893158912659,COMMAND_AND_CONTROL,ATTACK,INITIAL_ACCESS
96,2018-02-14 02:04:20,0.8015560507774353,INITIAL_ACCESS,ATTACK,INITIAL_ACCESS
97,2018-02-14 02:04:25,0.8679928779602051,INITIAL_ACCESS,ATTACK,INITIAL_ACCESS
98,2018-02-14 02:04:30,0.8371917009353638,INITIAL_ACCESS,ATTACK,INITIAL_ACCESS
99,2018-02-14 02:04:35,0.42700499296188354,RECONNAISSANCE,ATTACK,INITIAL_ACCESS
100,2018-02-14 02:04:40,0.9294880032539368,COMMAND_AND_CONTROL,ATTACK,INITIAL_ACCESS
101,2018-02-14 02:04:45,0.7392476797103882,DISCOVERY,ATTACK,INITIAL_ACCESS
102,2018-02-14 02:04:50,0.6651586294174194,DISCOVERY,BENIGN,BENIGN
103,2018-02-14 02:04:55,0.8562491536140442,INITIAL_ACCESS,ATTACK,INITIAL_ACCESS
104,2018-02-14 02:05:00,0.9767611026763916,COMMAND_AND_CONTROL,ATTACK,INITIAL_ACCESS
105,2018-02-14 02:05:05,0.8993757367134094,INITIAL_ACCESS,ATTACK,INITIAL_ACCESS
106,2018-02-14 02:05:10,0.9652427434921265,COMMAND_AND_CONTROL,ATTACK,INITIAL_ACCESS
107,2018-02-14 02:05:15,0.9897803068161011,COMMAND_AND_CONTROL,ATTACK,INITIAL_ACCESS
108,2018-02-14 02:05:20,0.9865683317184448,COMMAND_AND_CONTROL,ATTACK,INITIAL_ACCESS
109,2018-02-14 02:05:25,0.9760004878044128,COMMAND_AND_CONTROL,ATTACK,INITIAL_ACCESS
110,2018-02-14 02:05:30,0.7155129313468933,DISCOVERY,ATTACK,INITIAL_ACCESS
111,2018-02-14 02:05:35,0.932633638381958,COMMAND_AND_CONTROL,ATTACK,INITIAL_ACCESS
112,2018-02-14 02:05:40,0.9888901710510254,COMMAND_AND_CONTROL,ATTACK,INITIAL_ACCESS
113,2018-02-14 02:05:45,0.9862130880355835,COMMAND_AND_CONTROL,ATTACK,INITIAL_ACCESS
114,2018-02-14 02:05:50,0.9841543436050415,COMMAND_AND_CONTROL,ATTACK,INITIAL_ACCESS
115,2018-02-14 02:05:55,0.9697737693786621,COMMAND_AND_CONTROL,ATTACK,INITIAL_ACCESS
116,2018-02-14 02:06:00,0.8733686208724976,INITIAL_ACCESS,ATTACK,INITIAL_ACCESS
117,2018-02-14 02:06:05,0.8116219639778137,INITIAL_ACCESS,ATTACK,INITIAL_ACCESS
118,2018-02-14 02:06:10,0.8368640542030334,INITIAL_ACCESS,ATTACK,INITIAL_ACCESS
119,2018-02-14 02:06:15,0.9631311297416687,COMMAND_AND_CONTROL,ATTACK,INITIAL_ACCESS
120,2018-02-14 02:06:20,0.8902140259742737,INITIAL_ACCESS,ATTACK,INITIAL_ACCESS
