column_name,data_type,sample_values
Destination Port,int64,"[54865, 55054, 55055]"
Flow Duration,int64,"[3, 109, 52]"
Total Fwd Packets,int64,"[2, 1, 1]"
Total Backward Packets,int64,"[0, 1, 1]"
Total Length of Fwd Packets,int64,"[12, 6, 6]"
Total Length of Bwd Packets,int64,"[0, 6, 6]"
Fwd Packet Length Max,int64,"[6, 6, 6]"
Fwd Packet Length Min,int64,"[6, 6, 6]"
Fwd Packet Length Mean,float64,"[6.0, 6.0, 6.0]"
Fwd Packet Length Std,float64,"[0.0, 0.0, 0.0]"
Bwd Packet Length Max,int64,"[0, 6, 6]"
Bwd Packet Length Min,int64,"[0, 6, 6]"
Bwd Packet Length Mean,float64,"[0.0, 6.0, 6.0]"
Bwd Packet Length Std,float64,"[0.0, 0.0, 0.0]"
Flow Bytes/s,float64,"[4000000.0, 110091.7431, 230769.2308]"
Flow Packets/s,float64,"[666666.6667, 18348.62385, 38461.53846]"
Flow IAT Mean,float64,"[3.0, 109.0, 52.0]"
Flow IAT Std,float64,"[0.0, 0.0, 0.0]"
Flow IAT Max,int64,"[3, 109, 52]"
Flow IAT Min,int64,"[3, 109, 52]"
Fwd IAT Total,int64,"[3, 0, 0]"
Fwd IAT Mean,float64,"[3.0, 0.0, 0.0]"
Fwd IAT Std,float64,"[0.0, 0.0, 0.0]"
Fwd IAT Max,int64,"[3, 0, 0]"
Fwd IAT Min,int64,"[3, 0, 0]"
Bwd IAT Total,int64,"[0, 0, 0]"
Bwd IAT Mean,float64,"[0.0, 0.0, 0.0]"
Bwd IAT Std,float64,"[0.0, 0.0, 0.0]"
Bwd IAT Max,int64,"[0, 0, 0]"
Bwd IAT Min,int64,"[0, 0, 0]"
Fwd PSH Flags,int64,"[0, 0, 0]"
Bwd PSH Flags,int64,"[0, 0, 0]"
Fwd URG Flags,int64,"[0, 0, 0]"
Bwd URG Flags,int64,"[0, 0, 0]"
Fwd Header Length,int64,"[40, 20, 20]"
Bwd Header Length,int64,"[0, 20, 20]"
Fwd Packets/s,float64,"[666666.6667, 9174.311927, 19230.76923]"
Bwd Packets/s,float64,"[0.0, 9174.311927, 19230.76923]"
Min Packet Length,int64,"[6, 6, 6]"
Max Packet Length,int64,"[6, 6, 6]"
Packet Length Mean,float64,"[6.0, 6.0, 6.0]"
Packet Length Std,float64,"[0.0, 0.0, 0.0]"
Packet Length Variance,float64,"[0.0, 0.0, 0.0]"
FIN Flag Count,int64,"[0, 0, 0]"
SYN Flag Count,int64,"[0, 0, 0]"
RST Flag Count,int64,"[0, 0, 0]"
PSH Flag Count,int64,"[0, 0, 0]"
ACK Flag Count,int64,"[1, 1, 1]"
URG Flag Count,int64,"[0, 1, 1]"
CWE Flag Count,int64,"[0, 0, 0]"
ECE Flag Count,int64,"[0, 0, 0]"
Down/Up Ratio,int64,"[0, 1, 1]"
Average Packet Size,float64,"[9.0, 9.0, 9.0]"
Avg Fwd Segment Size,float64,"[6.0, 6.0, 6.0]"
Avg Bwd Segment Size,float64,"[0.0, 6.0, 6.0]"
Fwd Header Length.1,int64,"[40, 20, 20]"
Fwd Avg Bytes/Bulk,int64,"[0, 0, 0]"
Fwd Avg Packets/Bulk,int64,"[0, 0, 0]"
Fwd Avg Bulk Rate,int64,"[0, 0, 0]"
Bwd Avg Bytes/Bulk,int64,"[0, 0, 0]"
Bwd Avg Packets/Bulk,int64,"[0, 0, 0]"
Bwd Avg Bulk Rate,int64,"[0, 0, 0]"
Subflow Fwd Packets,int64,"[2, 1, 1]"
Subflow Fwd Bytes,int64,"[12, 6, 6]"
Subflow Bwd Packets,int64,"[0, 1, 1]"
Subflow Bwd Bytes,int64,"[0, 6, 6]"
Init_Win_bytes_forward,int64,"[33, 29, 29]"
Init_Win_bytes_backward,int64,"[-1, 256, 256]"
act_data_pkt_fwd,int64,"[1, 0, 0]"
min_seg_size_forward,int64,"[20, 20, 20]"
Active Mean,float64,"[0.0, 0.0, 0.0]"
Active Std,float64,"[0.0, 0.0, 0.0]"
Active Max,int64,"[0, 0, 0]"
Active Min,int64,"[0, 0, 0]"
Idle Mean,float64,"[0.0, 0.0, 0.0]"
Idle Std,float64,"[0.0, 0.0, 0.0]"
Idle Max,int64,"[0, 0, 0]"
Idle Min,int64,"[0, 0, 0]"
Label,object,"['BENIGN', 'BENIGN', 'BENIGN']"
